date,clones_count,clones_uniques,views_count,views_uniques
2026-06-04,19,8,0,0
2026-06-05,21,8,0,0
2026-06-06,27,9,0,0
2026-06-07,5,4,0,0
2026-06-08,21,7,0,0
2026-06-09,4,3,0,0
2026-06-10,21,7,0,0
2026-06-11,24,10,0,0
2026-06-12,6,5,0,0
2026-06-13,4,3,0,0
2026-06-14,35,12,0,0
2026-06-15,28,11,0,0
2026-06-16,19,8,0,0
2026-06-17,15,8,0,0
2026-06-18,95,54,0,0
2026-06-19,73,36,0,0
2026-06-20,78,46,0,0
2026-06-21,45,26,0,0
2026-06-22,43,22,1,1
2026-06-23,26,16,5,2
2026-06-24,46,24,11,1
2026-06-25,26,15,0,0
2026-06-26,35,22,0,0
2026-06-27,36,17,0,0
2026-06-28,61,31,0,0
2026-06-29,49,25,0,0
2026-06-30,29,17,0,0
2026-07-01,50,27,1,1
2026-07-02,62,46,0,0
2026-07-03,81,57,2,2
2026-07-04,81,50,2,1
2026-07-05,79,51,0,0
2026-07-06,42,33,1,1
2026-07-07,106,47,0,0
2026-07-08,96,42,0,0
2026-07-09,60,35,3,1
2026-07-10,55,33,2,1
2026-07-11,43,35,0,0
2026-07-12,82,47,2,2
2026-07-13,36,31,1,1
2026-07-14,77,47,1,1
2026-07-15,75,48,0,0
2026-07-16,41,33,0,0
2026-09-10,72,43,3,3
2026-09-11,66,45,4,2
2026-09-12,125,51,2,2
2026-09-13,110,62,1,1
2026-09-14,87,51,2,1
2026-09-15,62,42,13,8
2026-09-16,60,40,3,2
2026-09-17,105,61,3,3
2026-09-18,102,61,3,2
2026-09-19,75,43,1,1
2026-09-20,65,41,0,0
2026-09-21,68,44,1,1
2026-09-22,79,47,5,5
2026-09-23,81,49,11,3
2026-09-24,94,58,9,3
2026-09-25,76,51,1,1
2026-09-26,86,55,1,1
2026-09-27,112,59,10,5
2026-09-28,66,42,1,1
2026-09-29,55,38,1,1
2026-09-30,73,45,3,3
2026-10-01,128,76,1,1
2026-10-02,86,51,2,2
2026-10-03,71,39,2,2
2026-10-04,57,38,3,3
2026-10-05,93,56,7,7
